RaceID;Nro;Nimi;Valmentaja;Current_Ohjastaja;Ika;Sukupuoli;Is_Suomenhevonen;Kengat_Etu;Kengat_Taka;Kengat_etu_changed;Kengat_taka_changed;Current_Special_Cart;Scratched;Current_Distance;Current_Is_Auto;Current_Start_Date;Peli_pros;Voitto_pros;Ennatys_nro;Is_Auto_Record;Hist_PVM;Ohjastaja;Rata;Matka;RataNro;Km_aika;Hist_kengat_etu;Hist_kengat_taka;Hist_Special_Cart;Hist_Is_Auto;Laukka;Hylatty;Keskeytys;Track_Condition;Hist_Sij;Kerroin;Palkinto;SIJOITUS
3474517947;1;Ylinopeus;Elias Louko;Elias Louko;9;1;1;HAS_SHOES;HAS_SHOES;0;0;NO;0;2100;0;2026-02-21;1.45;0;35.7;1;20.09.25;E Louko;Pp;2100;1;41.5;HAS_SHOES;HAS_SHOES;NO;0;0;0;0;unknown;4;NaN;100;0
3474517947;1;Ylinopeus;Elias Louko;Elias Louko;9;1;1;HAS_SHOES;HAS_SHOES;0;0;NO;0;2100;0;2026-02-21;1.45;0;35.7;1;27.10.25;E Louko;T;2180;3;38.4;HAS_SHOES;HAS_SHOES;NO;0;0;0;0;unknown;6;37.7;1100;0
3474517947;1;Ylinopeus;Elias Louko;Elias Louko;9;1;1;HAS_SHOES;HAS_SHOES;0;0;NO;0;2100;0;2026-02-21;1.45;0;35.7;1;16.11.25;J-M Paavola;S;2160;4;35.4;HAS_SHOES;HAS_SHOES;NO;0;0;0;0;unknown;4;51.2;700;0
3474517947;1;Ylinopeus;Elias Louko;Elias Louko;9;1;1;HAS_SHOES;HAS_SHOES;0;0;NO;0;2100;0;2026-02-21;1.45;0;35.7;1;23.11.25;J-M Paavola;Kt;2120;3;35.8;HAS_SHOES;HAS_SHOES;NO;0;0;0;0;unknown;2;7.9;800;0
3474517947;1;Ylinopeus;Elias Louko;Elias Louko;9;1;1;HAS_SHOES;HAS_SHOES;0;0;NO;0;2100;0;2026-02-21;1.45;0;35.7;1;03.12.25;E Louko;H;2180;3;35.5;HAS_SHOES;HAS_SHOES;NO;0;0;0;0;unknown;2;20.2;1500;0
3474517947;1;Ylinopeus;Elias Louko;Elias Louko;9;1;1;HAS_SHOES;HAS_SHOES;0;0;NO;0;2100;0;2026-02-21;1.45;0;35.7;1;12.01.26;S Raitala;S;2100;12;35.7;HAS_SHOES;HAS_SHOES;UNKNOWN;1;0;0;0;unknown;5;4.1;1300;0
3474517947;1;Ylinopeus;Elias Louko;Elias Louko;9;1;1;HAS_SHOES;HAS_SHOES;0;0;NO;0;2100;0;2026-02-21;1.45;0;35.7;1;20.01.26;E Louko;S;2140;3;0;HAS_SHOES;HAS_SHOES;NO;0;0;1;0;unknown;20;50.9;1000;0
3474517947;1;Ylinopeus;Elias Louko;Elias Louko;9;1;1;HAS_SHOES;HAS_SHOES;0;0;NO;0;2100;0;2026-02-21;1.45;0;35.7;1;15.02.26;M Louko;Kt;2120;1;36.1;HAS_SHOES;HAS_SHOES;NO;0;1;0;0;unknown;9;23.5;800;0
3474517947;2;Rilon Reetu;Aimo Vuorisalo;Hannu Torvinen;5;2;1;HAS_SHOES;HAS_SHOES;0;0;NO;0;2100;0;2026-02-21;14.25;0;34.9;1;09.08.25;Mik Pitkanen;Ph;2020;2;37.2;HAS_SHOES;HAS_SHOES;NO;0;1;0;0;unknown;2;NaN;200;0
3474517947;2;Rilon Reetu;Aimo Vuorisalo;Hannu Torvinen;5;2;1;HAS_SHOES;HAS_SHOES;0;0;NO;0;2100;0;2026-02-21;14.25;0;34.9;1;27.09.25;An Vetelainen;T;2140;2;34.7;HAS_SHOES;HAS_SHOES;NO;0;1;0;0;unknown;6;8.7;1500;0
3474517947;2;Rilon Reetu;Aimo Vuorisalo;Hannu Torvinen;5;2;1;HAS_SHOES;HAS_SHOES;0;0;NO;0;2100;0;2026-02-21;14.25;0;34.9;1;15.10.25;Ha Torvinen;H;2120;1;34.9;HAS_SHOES;HAS_SHOES;NO;1;1;0;0;unknown;2;11;1500;0
3474517947;2;Rilon Reetu;Aimo Vuorisalo;Hannu Torvinen;5;2;1;HAS_SHOES;HAS_SHOES;0;0;NO;0;2100;0;2026-02-21;14.25;0;34.9;1;01.11.25;J Ruotsalainen;J;2160;1;33.9;HAS_SHOES;HAS_SHOES;NO;0;0;0;0;unknown;3;6.4;800;0
3474517947;2;Rilon Reetu;Aimo Vuorisalo;Hannu Torvinen;5;2;1;HAS_SHOES;HAS_SHOES;0;0;NO;0;2100;0;2026-02-21;14.25;0;34.9;1;10.11.25;Ha Torvinen;J;2180;3;32.8;HAS_SHOES;HAS_SHOES;NO;0;1;1;0;unknown;20;16.5;2000;0
3474517947;2;Rilon Reetu;Aimo Vuorisalo;Hannu Torvinen;5;2;1;HAS_SHOES;HAS_SHOES;0;0;NO;0;2100;0;2026-02-21;14.25;0;34.9;1;30.11.25;V-P Toivanen;J;2160;2;36.7;HAS_SHOES;HAS_SHOES;NO;0;1;0;0;unknown;6;7.4;800;0
3474517947;2;Rilon Reetu;Aimo Vuorisalo;Hannu Torvinen;5;2;1;HAS_SHOES;HAS_SHOES;0;0;NO;0;2100;0;2026-02-21;14.25;0;34.9;1;27.01.26;Ha Torvinen;J;2180;1;33.9;HAS_SHOES;HAS_SHOES;NO;0;0;0;0;unknown;2;7.3;1200;0
3474517947;2;Rilon Reetu;Aimo Vuorisalo;Hannu Torvinen;5;2;1;HAS_SHOES;HAS_SHOES;0;0;NO;0;2100;0;2026-02-21;14.25;0;34.9;1;07.02.26;Ju Torvinen;H;2180;3;33.4;HAS_SHOES;HAS_SHOES;NO;0;1;0;0;unknown;4;19.2;2000;0
3474517947;3;Hovilan Helina;Jenni Autio;Tino Kevaanranta;6;1;1;HAS_SHOES;HAS_SHOES;0;0;NO;1;2100;0;2026-02-21;0.14;0;35.5;0;07.07.25;N Jokela;S;2100;1;0;HAS_SHOES;HAS_SHOES;NO;0;1;0;1;unknown;21;49.7;2000;0
3474517947;3;Hovilan Helina;Jenni Autio;Tino Kevaanranta;6;1;1;HAS_SHOES;HAS_SHOES;0;0;NO;1;2100;0;2026-02-21;0.14;0;35.5;0;25.10.25;E Leinonen;S;2100;5;39.1;HAS_SHOES;HAS_SHOES;NO;0;1;0;0;unknown;8;72.5;600;0
3474517947;3;Hovilan Helina;Jenni Autio;Tino Kevaanranta;6;1;1;HAS_SHOES;HAS_SHOES;0;0;NO;1;2100;0;2026-02-21;0.14;0;35.5;0;02.11.25;E Leinonen;Y;2100;3;36.5;HAS_SHOES;HAS_SHOES;NO;0;0;0;0;unknown;3;69.6;1800;0
3474517947;3;Hovilan Helina;Jenni Autio;Tino Kevaanranta;6;1;1;HAS_SHOES;HAS_SHOES;0;0;NO;1;2100;0;2026-02-21;0.14;0;35.5;0;16.11.25;E Leinonen;S;2100;6;35.5;HAS_SHOES;HAS_SHOES;NO;0;1;0;0;unknown;3;8;2000;0
3474517947;3;Hovilan Helina;Jenni Autio;Tino Kevaanranta;6;1;1;HAS_SHOES;HAS_SHOES;0;0;NO;1;2100;0;2026-02-21;0.14;0;35.5;0;23.11.25;E Leinonen;Kt;2140;2;36;HAS_SHOES;HAS_SHOES;NO;0;0;0;0;unknown;5;4.2;800;0
3474517947;3;Hovilan Helina;Jenni Autio;Tino Kevaanranta;6;1;1;HAS_SHOES;HAS_SHOES;0;0;NO;1;2100;0;2026-02-21;0.14;0;35.5;0;20.01.26;E Leinonen;S;2100;3;0;HAS_SHOES;HAS_SHOES;NO;0;1;0;1;unknown;21;21.5;1000;0
3474517947;3;Hovilan Helina;Jenni Autio;Tino Kevaanranta;6;1;1;HAS_SHOES;HAS_SHOES;0;0;NO;1;2100;0;2026-02-21;0.14;0;35.5;0;10.02.26;Ti Vehvilainen;O;2120;1;0;HAS_SHOES;HAS_SHOES;NO;0;0;1;0;unknown;20;10.8;1000;0
3474517947;3;Hovilan Helina;Jenni Autio;Tino Kevaanranta;6;1;1;HAS_SHOES;HAS_SHOES;0;0;NO;1;2100;0;2026-02-21;0.14;0;35.5;0;15.02.26;T Kevaanranta;Kt;2100;1;36.1;HAS_SHOES;HAS_SHOES;NO;0;0;0;0;unknown;7;9.7;800;0
3474517947;4;Vappen;Kari Holso;Veli Nurminen;7;2;1;HAS_SHOES;HAS_SHOES;0;0;NO;0;2100;0;2026-02-21;1.76;4.17;30.3;1;27.12.24;V Nurminen;S;2140;2;31.7;HAS_SHOES;HAS_SHOES;NO;0;0;0;0;unknown;3;14;1000;0
3474517947;4;Vappen;Kari Holso;Veli Nurminen;7;2;1;HAS_SHOES;HAS_SHOES;0;0;NO;0;2100;0;2026-02-21;1.76;4.17;30.3;1;03.01.25;V Nurminen;Kt;2140;3;33.8;HAS_SHOES;HAS_SHOES;NO;0;0;0;0;unknown;2;5.6;1000;0
3474517947;4;Vappen;Kari Holso;Veli Nurminen;7;2;1;HAS_SHOES;HAS_SHOES;0;0;NO;0;2100;0;2026-02-21;1.76;4.17;30.3;1;08.01.25;N Jokela;S;2100;8;30.3;HAS_SHOES;HAS_SHOES;NO;1;0;0;0;unknown;2;44.3;2000;0
3474517947;4;Vappen;Kari Holso;Veli Nurminen;7;2;1;HAS_SHOES;HAS_SHOES;0;0;NO;0;2100;0;2026-02-21;1.76;4.17;30.3;1;21.01.25;V Nurminen;S;2100;2;33.5;HAS_SHOES;HAS_SHOES;NO;1;1;0;0;unknown;1;2.7;1100;0
3474517947;4;Vappen;Kari Holso;Veli Nurminen;7;2;1;HAS_SHOES;HAS_SHOES;0;0;NO;0;2100;0;2026-02-21;1.76;4.17;30.3;1;15.02.25;V Nurminen;S;2100;11;34.4;HAS_SHOES;HAS_SHOES;NO;1;1;0;0;unknown;7;8.4;1500;0
3474517947;4;Vappen;Kari Holso;Veli Nurminen;7;2;1;HAS_SHOES;HAS_SHOES;0;0;NO;0;2100;0;2026-02-21;1.76;4.17;30.3;1;03.03.25;V Nurminen;Kt;2100;2;36.8;HAS_SHOES;HAS_SHOES;NO;1;1;0;0;unknown;6;5;2000;0
3474517947;4;Vappen;Kari Holso;Veli Nurminen;7;2;1;HAS_SHOES;HAS_SHOES;0;0;NO;0;2100;0;2026-02-21;1.76;4.17;30.3;1;25.10.25;V Nurminen;S;2100;1;34.2;HAS_SHOES;HAS_SHOES;NO;0;0;0;0;unknown;6;11.9;1000;0
3474517947;4;Vappen;Kari Holso;Veli Nurminen;7;2;1;HAS_SHOES;HAS_SHOES;0;0;NO;0;2100;0;2026-02-21;1.76;4.17;30.3;1;16.11.25;V Nurminen;S;2120;1;0;HAS_SHOES;HAS_SHOES;NO;0;0;1;0;unknown;20;44.1;800;0
3474517947;5;Tuhkalan Toivo;Juha Nurminen;Juha Nurminen;6;2;1;HAS_SHOES;HAS_SHOES;0;0;NO;0;2100;0;2026-02-21;1.87;0;33.4;1;10.11.25;Juh Nurminen;J;2200;2;31.4;HAS_SHOES;HAS_SHOES;NO;0;0;0;0;unknown;8;110.1;2000;0
3474517947;5;Tuhkalan Toivo;Juha Nurminen;Juha Nurminen;6;2;1;HAS_SHOES;HAS_SHOES;0;0;NO;0;2100;0;2026-02-21;1.87;0;33.4;1;23.11.25;Juh Nurminen;Kt;2100;1;32.3;HAS_SHOES;HAS_SHOES;NO;0;0;0;0;unknown;2;20.3;800;0
3474517947;5;Tuhkalan Toivo;Juha Nurminen;Juha Nurminen;6;2;1;HAS_SHOES;HAS_SHOES;0;0;NO;0;2100;0;2026-02-21;1.87;0;33.4;1;21.12.25;Juh Nurminen;Kt;2120;3;32.9;HAS_SHOES;HAS_SHOES;NO;0;0;0;0;unknown;2;20.8;800;0
3474517947;5;Tuhkalan Toivo;Juha Nurminen;Juha Nurminen;6;2;1;HAS_SHOES;HAS_SHOES;0;0;NO;0;2100;0;2026-02-21;1.87;0;33.4;1;26.12.25;Juh Nurminen;S;2100;11;32.5;HAS_SHOES;HAS_SHOES;NO;1;0;1;0;unknown;20;4.6;1500;0
3474517947;5;Tuhkalan Toivo;Juha Nurminen;Juha Nurminen;6;2;1;HAS_SHOES;HAS_SHOES;0;0;NO;0;2100;0;2026-02-21;1.87;0;33.4;1;12.01.26;Juh Nurminen;S;2100;3;34.4;HAS_SHOES;HAS_SHOES;NO;1;1;0;0;unknown;6;11.9;2000;0
3474517947;5;Tuhkalan Toivo;Juha Nurminen;Juha Nurminen;6;2;1;HAS_SHOES;HAS_SHOES;0;0;NO;0;2100;0;2026-02-21;1.87;0;33.4;1;20.01.26;S Raitala;S;2100;2;0;HAS_SHOES;HAS_SHOES;NO;0;0;1;0;unknown;20;4.9;1000;0
3474517947;5;Tuhkalan Toivo;Juha Nurminen;Juha Nurminen;6;2;1;HAS_SHOES;HAS_SHOES;0;0;NO;0;2100;0;2026-02-21;1.87;0;33.4;1;01.02.26;Juh Nurminen;S;2100;1;33.4;HAS_SHOES;HAS_SHOES;NO;1;1;0;0;unknown;8;27.2;900;0
3474517947;5;Tuhkalan Toivo;Juha Nurminen;Juha Nurminen;6;2;1;HAS_SHOES;HAS_SHOES;0;0;NO;0;2100;0;2026-02-21;1.87;0;33.4;1;15.02.26;Juh Nurminen;Kt;2140;2;34.3;HAS_SHOES;HAS_SHOES;NO;0;0;0;0;unknown;6;17.2;800;0
3474517947;6;Leyla;Pasi Autio;Esa Holopainen;7;1;1;HAS_SHOES;HAS_SHOES;0;0;NO;0;2100;0;2026-02-21;3.8;5;35.4;1;12.09.25;Ha Torvinen;S;2120;3;35;HAS_SHOES;HAS_SHOES;NO;0;1;0;0;unknown;6;10.5;2000;0
3474517947;6;Leyla;Pasi Autio;Esa Holopainen;7;1;1;HAS_SHOES;HAS_SHOES;0;0;NO;0;2100;0;2026-02-21;3.8;5;35.4;1;20.10.25;N Jokela;Kt;2120;2;32.6;HAS_SHOES;HAS_SHOES;NO;0;0;0;0;unknown;4;51.1;1000;0
3474517947;6;Leyla;Pasi Autio;Esa Holopainen;7;1;1;HAS_SHOES;HAS_SHOES;0;0;NO;0;2100;0;2026-02-21;3.8;5;35.4;1;02.11.25;N Jokela;Y;2120;2;33.5;HAS_SHOES;HAS_SHOES;NO;0;0;0;0;unknown;7;10.5;1800;0
3474517947;6;Leyla;Pasi Autio;Esa Holopainen;7;1;1;HAS_SHOES;HAS_SHOES;0;0;NO;0;2100;0;2026-02-21;3.8;5;35.4;1;16.11.25;N Jokela;S;2140;1;33.9;HAS_SHOES;HAS_SHOES;NO;0;1;0;0;unknown;4;5.7;2000;0
3474517947;6;Leyla;Pasi Autio;Esa Holopainen;7;1;1;HAS_SHOES;HAS_SHOES;0;0;NO;0;2100;0;2026-02-21;3.8;5;35.4;1;27.11.25;N Jokela;S;2120;4;33.5;HAS_SHOES;HAS_SHOES;NO;0;0;0;0;unknown;7;22.2;1000;0
3474517947;6;Leyla;Pasi Autio;Esa Holopainen;7;1;1;HAS_SHOES;HAS_SHOES;0;0;NO;0;2100;0;2026-02-21;3.8;5;35.4;1;12.01.26;T Kevaanranta;S;2100;5;35.4;HAS_SHOES;HAS_SHOES;NO;1;0;0;0;unknown;3;23.6;1300;0
3474517947;6;Leyla;Pasi Autio;Esa Holopainen;7;1;1;HAS_SHOES;HAS_SHOES;0;0;NO;0;2100;0;2026-02-21;3.8;5;35.4;1;01.02.26;T Kevaanranta;S;2140;3;36.4;HAS_SHOES;HAS_SHOES;NO;0;1;0;0;unknown;2;5.5;800;0
3474517947;6;Leyla;Pasi Autio;Esa Holopainen;7;1;1;HAS_SHOES;HAS_SHOES;0;0;NO;0;2100;0;2026-02-21;3.8;5;35.4;1;15.02.26;N Jokela;Kt;2140;1;34.4;HAS_SHOES;HAS_SHOES;NO;0;0;0;0;unknown;8;8.1;800;0
3474517947;7;Ketkula;Heidi Uusitalo;Ville Pohjola;6;2;1;HAS_SHOES;HAS_SHOES;0;0;NO;0;2100;0;2026-02-21;9.57;9.09;32;1;25.06.25;Han Hietanen;T;2120;4;30.9;HAS_SHOES;HAS_SHOES;NO;0;0;0;0;unknown;6;28.2;4500;0
3474517947;7;Ketkula;Heidi Uusitalo;Ville Pohjola;6;2;1;HAS_SHOES;HAS_SHOES;0;0;NO;0;2100;0;2026-02-21;9.57;9.09;32;1;11.07.25;Han Hietanen;Kt;2100;10;33.7;HAS_SHOES;HAS_SHOES;NO;1;0;0;0;unknown;5;19.4;1000;0
3474517947;7;Ketkula;Heidi Uusitalo;Ville Pohjola;6;2;1;HAS_SHOES;HAS_SHOES;0;0;NO;0;2100;0;2026-02-21;9.57;9.09;32;1;15.08.25;Han Hietanen;Y;2100;2;0;HAS_SHOES;HAS_SHOES;NO;0;0;1;0;unknown;20;11;1200;0
3474517947;7;Ketkula;Heidi Uusitalo;Ville Pohjola;6;2;1;HAS_SHOES;HAS_SHOES;0;0;NO;0;2100;0;2026-02-21;9.57;9.09;32;1;25.10.25;Han Hietanen;S;2100;2;33.3;HAS_SHOES;HAS_SHOES;NO;0;0;0;0;unknown;2;2.5;1000;0
3474517947;7;Ketkula;Heidi Uusitalo;Ville Pohjola;6;2;1;HAS_SHOES;HAS_SHOES;0;0;NO;0;2100;0;2026-02-21;9.57;9.09;32;1;10.11.25;Han Hietanen;J;2160;2;31;HAS_SHOES;HAS_SHOES;NO;0;0;1;0;unknown;20;15.4;1000;0
3474517947;7;Ketkula;Heidi Uusitalo;Ville Pohjola;6;2;1;HAS_SHOES;HAS_SHOES;0;0;NO;0;2100;0;2026-02-21;9.57;9.09;32;1;23.11.25;Han Hietanen;Kt;2120;2;32.6;HAS_SHOES;HAS_SHOES;NO;0;1;0;0;unknown;7;13.5;800;0
3474517947;7;Ketkula;Heidi Uusitalo;Ville Pohjola;6;2;1;HAS_SHOES;HAS_SHOES;0;0;NO;0;2100;0;2026-02-21;9.57;9.09;32;1;20.01.26;E Murtola;S;2100;3;32.3;HAS_SHOES;HAS_SHOES;NO;0;0;0;0;unknown;2;11.9;1000;0
3474517947;7;Ketkula;Heidi Uusitalo;Ville Pohjola;6;2;1;HAS_SHOES;HAS_SHOES;0;0;NO;0;2100;0;2026-02-21;9.57;9.09;32;1;31.01.26;E Murtola;Ku;2100;3;32;HAS_SHOES;HAS_SHOES;NO;1;0;0;0;unknown;3;13.4;1500;0
3474517947;8;Valtija;Jouko Tarvainen;Jouko Tarvainen;9;2;1;HAS_SHOES;HAS_SHOES;0;0;NO;0;2100;0;2026-02-21;7.47;7.69;30.4;0;06.05.22;Jo Tarvainen;Vi;2140;1;32.8;HAS_SHOES;HAS_SHOES;NO;0;0;0;0;unknown;2;16.1;800;0
3474517947;8;Valtija;Jouko Tarvainen;Jouko Tarvainen;9;2;1;HAS_SHOES;HAS_SHOES;0;0;NO;0;2100;0;2026-02-21;7.47;7.69;30.4;0;15.05.22;Jo Tarvainen;J;2200;5;32;HAS_SHOES;HAS_SHOES;NO;0;0;0;0;unknown;2;3.1;1000;0
3474517947;8;Valtija;Jouko Tarvainen;Jouko Tarvainen;9;2;1;HAS_SHOES;HAS_SHOES;0;0;NO;0;2100;0;2026-02-21;7.47;7.69;30.4;0;31.05.22;Jo Tarvainen;T;2120;3;30.6;HAS_SHOES;HAS_SHOES;NO;0;0;0;0;unknown;2;6.7;2000;0
3474517947;8;Valtija;Jouko Tarvainen;Jouko Tarvainen;9;2;1;HAS_SHOES;HAS_SHOES;0;0;NO;0;2100;0;2026-02-21;7.47;7.69;30.4;0;17.06.22;Jo Tarvainen;K;2100;1;30.4;HAS_SHOES;HAS_SHOES;NO;0;0;0;0;unknown;1;2.4;1200;0
3474517947;8;Valtija;Jouko Tarvainen;Jouko Tarvainen;9;2;1;HAS_SHOES;HAS_SHOES;0;0;NO;0;2100;0;2026-02-21;7.47;7.69;30.4;0;02.02.24;Jo Tarvainen;J;2180;3;38.6;HAS_SHOES;HAS_SHOES;NO;0;0;0;1;unknown;21;NaN;0;0
3474517947;8;Valtija;Jouko Tarvainen;Jouko Tarvainen;9;2;1;HAS_SHOES;HAS_SHOES;0;0;NO;0;2100;0;2026-02-21;7.47;7.69;30.4;0;16.03.24;Jo Tarvainen;Pk;2100;1;35.6;HAS_SHOES;HAS_SHOES;NO;0;0;0;0;unknown;2;NaN;150;0
3474517947;8;Valtija;Jouko Tarvainen;Jouko Tarvainen;9;2;1;HAS_SHOES;HAS_SHOES;0;0;NO;0;2100;0;2026-02-21;7.47;7.69;30.4;0;19.01.26;Jo Tarvainen;J;2180;1;35.1;HAS_SHOES;HAS_SHOES;NO;0;0;0;1;unknown;21;NaN;0;0
3474517947;8;Valtija;Jouko Tarvainen;Jouko Tarvainen;9;2;1;HAS_SHOES;HAS_SHOES;0;0;NO;0;2100;0;2026-02-21;7.47;7.69;30.4;0;13.02.26;Jo Tarvainen;J;2160;4;33.4;HAS_SHOES;HAS_SHOES;NO;0;1;0;0;unknown;5;15.6;1200;0
3474517947;9;Loukon Tornado;Tuulia Metsala;Petri Laine;8;2;1;HAS_SHOES;HAS_SHOES;0;0;NO;0;2100;0;2026-02-21;0.57;2.94;35.2;0;27.02.25;Tu Pakkanen;J;2200;1;36;HAS_SHOES;HAS_SHOES;NO;0;1;0;0;unknown;6;52.8;1000;0
3474517947;9;Loukon Tornado;Tuulia Metsala;Petri Laine;8;2;1;HAS_SHOES;HAS_SHOES;0;0;NO;0;2100;0;2026-02-21;0.57;2.94;35.2;0;20.03.25;Han Hietanen;S;2120;1;0;HAS_SHOES;HAS_SHOES;NO;0;0;1;0;unknown;20;21.9;1500;0
3474517947;9;Loukon Tornado;Tuulia Metsala;Petri Laine;8;2;1;HAS_SHOES;HAS_SHOES;0;0;NO;0;2100;0;2026-02-21;0.57;2.94;35.2;0;01.04.25;A Teivainen;T;2100;5;38.1;HAS_SHOES;HAS_SHOES;NO;0;1;0;0;unknown;11;38.8;1100;0
3474517947;9;Loukon Tornado;Tuulia Metsala;Petri Laine;8;2;1;HAS_SHOES;HAS_SHOES;0;0;NO;0;2100;0;2026-02-21;0.57;2.94;35.2;0;14.06.25;H Perkio;Ph;2000;2;0;HAS_SHOES;HAS_SHOES;NO;0;0;1;0;unknown;20;NaN;400;0
3474517947;9;Loukon Tornado;Tuulia Metsala;Petri Laine;8;2;1;HAS_SHOES;HAS_SHOES;0;0;NO;0;2100;0;2026-02-21;0.57;2.94;35.2;0;16.11.25;P Laine;S;2100;3;0;HAS_SHOES;HAS_SHOES;NO;0;0;1;0;unknown;20;139.6;800;0
3474517947;9;Loukon Tornado;Tuulia Metsala;Petri Laine;8;2;1;HAS_SHOES;HAS_SHOES;0;0;NO;0;2100;0;2026-02-21;0.57;2.94;35.2;0;30.11.25;P Laine;J;2180;1;37;HAS_SHOES;HAS_SHOES;NO;0;0;0;0;unknown;8;27.6;800;0
3474517947;9;Loukon Tornado;Tuulia Metsala;Petri Laine;8;2;1;HAS_SHOES;HAS_SHOES;0;0;NO;0;2100;0;2026-02-21;0.57;2.94;35.2;0;26.01.26;T Varis;T;2120;4;36.7;HAS_SHOES;HAS_SHOES;NO;0;1;0;0;unknown;8;36.1;1000;0
3474517947;9;Loukon Tornado;Tuulia Metsala;Petri Laine;8;2;1;HAS_SHOES;HAS_SHOES;0;0;NO;0;2100;0;2026-02-21;0.57;2.94;35.2;0;15.02.26;P Laine;Kt;2100;3;36;HAS_SHOES;HAS_SHOES;NO;0;1;0;0;unknown;7;53.3;800;0
3474517947;10;Sirppi;Yrjo Uusitalo;Hannu Hietanen;7;1;1;HAS_SHOES;HAS_SHOES;0;0;NO;0;2100;0;2026-02-21;3.34;0;33;1;06.12.25;Han Hietanen;T;2100;2;35.2;HAS_SHOES;HAS_SHOES;NO;0;0;0;0;unknown;4;42.3;1500;0
3474517947;10;Sirppi;Yrjo Uusitalo;Hannu Hietanen;7;1;1;HAS_SHOES;HAS_SHOES;0;0;NO;0;2100;0;2026-02-21;3.34;0;33;1;20.12.25;Ha Torvinen;H;2120;1;33;HAS_SHOES;HAS_SHOES;NO;0;0;0;0;unknown;4;19.5;1500;0
3474517947;10;Sirppi;Yrjo Uusitalo;Hannu Hietanen;7;1;1;HAS_SHOES;HAS_SHOES;0;0;NO;0;2100;0;2026-02-21;3.34;0;33;1;26.12.25;Han Hietanen;S;2140;1;33.8;HAS_SHOES;HAS_SHOES;NO;0;0;0;0;unknown;4;10.6;1000;0
3474517947;10;Sirppi;Yrjo Uusitalo;Hannu Hietanen;7;1;1;HAS_SHOES;HAS_SHOES;0;0;NO;0;2100;0;2026-02-21;3.34;0;33;1;12.01.26;A Ala-Rantala;S;2100;11;35.1;HAS_SHOES;HAS_SHOES;NO;1;0;0;0;unknown;2;30.9;1300;0
3474517947;10;Sirppi;Yrjo Uusitalo;Hannu Hietanen;7;1;1;HAS_SHOES;HAS_SHOES;0;0;NO;0;2100;0;2026-02-21;3.34;0;33;1;20.01.26;A Ala-Rantala;S;2100;1;33.4;HAS_SHOES;HAS_SHOES;NO;0;1;0;0;unknown;5;22.4;1000;0
3474517947;10;Sirppi;Yrjo Uusitalo;Hannu Hietanen;7;1;1;HAS_SHOES;HAS_SHOES;0;0;NO;0;2100;0;2026-02-21;3.34;0;33;1;30.01.26;Han Hietanen;Tk;2100;1;33;HAS_SHOES;HAS_SHOES;NO;1;0;0;0;unknown;6;14;2000;0
3474517947;10;Sirppi;Yrjo Uusitalo;Hannu Hietanen;7;1;1;HAS_SHOES;HAS_SHOES;0;0;NO;0;2100;0;2026-02-21;3.34;0;33;1;04.02.26;Ha Torvinen;T;2100;4;33.7;HAS_SHOES;HAS_SHOES;NO;0;0;0;0;unknown;3;43.8;1500;0
3474517947;10;Sirppi;Yrjo Uusitalo;Hannu Hietanen;7;1;1;HAS_SHOES;HAS_SHOES;0;0;NO;0;2100;0;2026-02-21;3.34;0;33;1;13.02.26;A Moilanen;J;2160;3;34.8;HAS_SHOES;HAS_SHOES;NO;0;1;0;0;unknown;6;15.2;1200;0
3474517947;11;Pistojoen Lotta;Minttu Makinen;Niko Jokela;6;1;1;HAS_SHOES;HAS_SHOES;0;0;NO;0;2100;0;2026-02-21;16.08;27.27;30.8;1;24.04.25;S Raitala;L;2160;2;32.4;HAS_SHOES;HAS_SHOES;NO;0;0;0;0;unknown;6;2.9;4000;0
3474517947;11;Pistojoen Lotta;Minttu Makinen;Niko Jokela;6;1;1;HAS_SHOES;HAS_SHOES;0;0;NO;0;2100;0;2026-02-21;16.08;27.27;30.8;1;20.05.25;N Jokela;T;2120;5;36.2;HAS_SHOES;HAS_SHOES;NO;0;1;0;0;unknown;9;2.8;1100;0
3474517947;11;Pistojoen Lotta;Minttu Makinen;Niko Jokela;6;1;1;HAS_SHOES;HAS_SHOES;0;0;NO;0;2100;0;2026-02-21;16.08;27.27;30.8;1;17.06.25;N Jokela;M;2120;3;0;HAS_SHOES;HAS_SHOES;NO;0;0;1;0;unknown;20;20.9;4000;0
3474517947;11;Pistojoen Lotta;Minttu Makinen;Niko Jokela;6;1;1;HAS_SHOES;HAS_SHOES;0;0;NO;0;2100;0;2026-02-21;16.08;27.27;30.8;1;09.09.25;S Raitala;La;2100;3;30.8;HAS_SHOES;NO_SHOES;NO;1;0;0;0;unknown;9;36.4;4000;0
3474517947;11;Pistojoen Lotta;Minttu Makinen;Niko Jokela;6;1;1;HAS_SHOES;HAS_SHOES;0;0;NO;0;2100;0;2026-02-21;16.08;27.27;30.8;1;14.10.25;Mint Makinen;T;2100;1;0;HAS_SHOES;HAS_SHOES;NO;0;1;0;1;unknown;21;8.4;1100;0
3474517947;11;Pistojoen Lotta;Minttu Makinen;Niko Jokela;6;1;1;HAS_SHOES;HAS_SHOES;0;0;NO;0;2100;0;2026-02-21;16.08;27.27;30.8;1;20.10.25;S Raitala;Kt;2120;2;30.7;HAS_SHOES;HAS_SHOES;NO;0;0;0;0;unknown;2;15.8;4000;0
3474517947;11;Pistojoen Lotta;Minttu Makinen;Niko Jokela;6;1;1;HAS_SHOES;HAS_SHOES;0;0;NO;0;2100;0;2026-02-21;16.08;27.27;30.8;1;05.11.25;He Bollstrom;H;2140;4;36.6;HAS_SHOES;HAS_SHOES;NO;0;1;0;0;unknown;10;10.4;2000;0
3474517947;11;Pistojoen Lotta;Minttu Makinen;Niko Jokela;6;1;1;HAS_SHOES;HAS_SHOES;0;0;NO;0;2100;0;2026-02-21;16.08;27.27;30.8;1;04.02.26;N Jokela;T;2120;5;32.7;HAS_SHOES;HAS_SHOES;NO;0;0;0;0;unknown;1;26.7;1500;0
3474517947;12;Helmen Onni;Meiju Ranta;Ville Koivisto;6;2;1;HAS_SHOES;HAS_SHOES;0;0;NO;0;2100;0;2026-02-21;1.17;4;29.1;1;24.08.25;Han Hietanen;Lp;2160;2;33;HAS_SHOES;HAS_SHOES;NO;0;0;0;0;unknown;3;36.1;1000;0
3474517947;12;Helmen Onni;Meiju Ranta;Ville Koivisto;6;2;1;HAS_SHOES;HAS_SHOES;0;0;NO;0;2100;0;2026-02-21;1.17;4;29.1;1;04.09.25;N Jokela;S;2100;8;29.1;HAS_SHOES;HAS_SHOES;NO;1;0;0;0;unknown;2;25.2;2000;0
3474517947;12;Helmen Onni;Meiju Ranta;Ville Koivisto;6;2;1;HAS_SHOES;HAS_SHOES;0;0;NO;0;2100;0;2026-02-21;1.17;4;29.1;1;19.09.25;N Jokela;P;2100;1;31.9;HAS_SHOES;HAS_SHOES;NO;0;1;0;0;unknown;6;5.9;1000;0
3474517947;12;Helmen Onni;Meiju Ranta;Ville Koivisto;6;2;1;HAS_SHOES;HAS_SHOES;0;0;NO;0;2100;0;2026-02-21;1.17;4;29.1;1;27.09.25;E Leinonen;T;2100;2;33.9;HAS_SHOES;HAS_SHOES;NO;0;0;0;0;unknown;3;2.4;800;0
3474517947;12;Helmen Onni;Meiju Ranta;Ville Koivisto;6;2;1;HAS_SHOES;HAS_SHOES;0;0;NO;0;2100;0;2026-02-21;1.17;4;29.1;1;16.10.25;E Leinonen;J;2140;2;35;HAS_SHOES;HAS_SHOES;NO;0;1;0;0;unknown;5;13.4;1000;0
3474517947;12;Helmen Onni;Meiju Ranta;Ville Koivisto;6;2;1;HAS_SHOES;HAS_SHOES;0;0;NO;0;2100;0;2026-02-21;1.17;4;29.1;1;04.11.25;E Leinonen;P;2100;1;35.8;HAS_SHOES;HAS_SHOES;NO;0;0;0;0;unknown;5;9;1000;0
3474517947;12;Helmen Onni;Meiju Ranta;Ville Koivisto;6;2;1;HAS_SHOES;HAS_SHOES;0;0;NO;0;2100;0;2026-02-21;1.17;4;29.1;1;15.11.25;E Leinonen;H;2120;2;0;HAS_SHOES;HAS_SHOES;NO;0;0;1;0;unknown;20;24.2;4000;0
3474517947;12;Helmen Onni;Meiju Ranta;Ville Koivisto;6;2;1;HAS_SHOES;HAS_SHOES;0;0;NO;0;2100;0;2026-02-21;1.17;4;29.1;1;11.02.26;N Jokela;S;2100;1;34.8;HAS_SHOES;HAS_SHOES;NO;0;0;0;0;unknown;6;32.3;2000;0
3474517947;13;Kaapo;Heli Penttila;Jarmo Saarela;7;2;1;HAS_SHOES;HAS_SHOES;0;0;NO;0;2100;0;2026-02-21;5.53;17.24;31.2;1;14.07.25;Anu Penttila;P;2120;1;31.7;HAS_SHOES;HAS_SHOES;NO;0;0;0;0;unknown;2;7.6;1300;0
3474517947;13;Kaapo;Heli Penttila;Jarmo Saarela;7;2;1;HAS_SHOES;HAS_SHOES;0;0;NO;0;2100;0;2026-02-21;5.53;17.24;31.2;1;21.07.25;Ans Penttila;Y;2100;7;32.7;HAS_SHOES;HAS_SHOES;NO;1;1;0;0;unknown;3;4.8;1600;0
3474517947;13;Kaapo;Heli Penttila;Jarmo Saarela;7;2;1;HAS_SHOES;HAS_SHOES;0;0;NO;0;2100;0;2026-02-21;5.53;17.24;31.2;1;08.08.25;Ans Penttila;Hr;2100;10;31.2;HAS_SHOES;HAS_SHOES;NO;1;1;0;0;unknown;1;3.7;1000;0
3474517947;13;Kaapo;Heli Penttila;Jarmo Saarela;7;2;1;HAS_SHOES;HAS_SHOES;0;0;NO;0;2100;0;2026-02-21;5.53;17.24;31.2;1;16.08.25;Ans Penttila;Y;2180;1;30;HAS_SHOES;HAS_SHOES;NO;0;0;0;0;unknown;1;2.6;1500;0
3474517947;13;Kaapo;Heli Penttila;Jarmo Saarela;7;2;1;HAS_SHOES;HAS_SHOES;0;0;NO;0;2100;0;2026-02-21;5.53;17.24;31.2;1;04.09.25;Ans Penttila;S;2100;4;0;HAS_SHOES;HAS_SHOES;NO;1;0;1;0;unknown;20;3.1;2000;0
3474517947;13;Kaapo;Heli Penttila;Jarmo Saarela;7;2;1;HAS_SHOES;HAS_SHOES;0;0;NO;0;2100;0;2026-02-21;5.53;17.24;31.2;1;23.09.25;Ans Penttila;S;2140;3;0;HAS_SHOES;HAS_SHOES;NO;0;0;1;0;unknown;20;8.3;1200;0
3474517947;13;Kaapo;Heli Penttila;Jarmo Saarela;7;2;1;HAS_SHOES;HAS_SHOES;0;0;NO;0;2100;0;2026-02-21;5.53;17.24;31.2;1;06.10.25;Ma Penttila;S;2100;9;0;HAS_SHOES;HAS_SHOES;NO;0;0;1;0;unknown;20;9.4;1500;0
3474517947;13;Kaapo;Heli Penttila;Jarmo Saarela;7;2;1;HAS_SHOES;HAS_SHOES;0;0;NO;0;2100;0;2026-02-21;5.53;17.24;31.2;1;15.02.26;Ans Penttila;Kt;2120;5;0;HAS_SHOES;HAS_SHOES;NO;0;0;1;0;unknown;20;39.7;800;0
3474517947;14;Loikkarilla;Olavi Oja-Nisula;Olavi Oja-Nisula;9;2;1;HAS_SHOES;HAS_SHOES;0;0;NO;0;2100;0;2026-02-21;12.04;20;30.7;1;02.11.25;O Oja-Nisula;Y;2100;9;31.6;HAS_SHOES;HAS_SHOES;NO;1;0;0;0;unknown;4;10.5;1200;0
3474517947;14;Loikkarilla;Olavi Oja-Nisula;Olavi Oja-Nisula;9;2;1;HAS_SHOES;HAS_SHOES;0;0;NO;0;2100;0;2026-02-21;12.04;20;30.7;1;08.11.25;O Oja-Nisula;S;2100;4;30.7;HAS_SHOES;HAS_SHOES;NO;0;0;0;0;unknown;1;26.4;1500;0
3474517947;14;Loikkarilla;Olavi Oja-Nisula;Olavi Oja-Nisula;9;2;1;HAS_SHOES;HAS_SHOES;0;0;NO;0;2100;0;2026-02-21;12.04;20;30.7;1;16.11.25;O Oja-Nisula;S;2140;1;30.8;HAS_SHOES;HAS_SHOES;NO;0;1;0;0;unknown;2;5.7;800;0
3474517947;14;Loikkarilla;Olavi Oja-Nisula;Olavi Oja-Nisula;9;2;1;HAS_SHOES;HAS_SHOES;0;0;NO;0;2100;0;2026-02-21;12.04;20;30.7;1;23.11.25;O Oja-Nisula;Kt;2160;3;29.7;HAS_SHOES;HAS_SHOES;NO;0;0;0;0;unknown;1;3;800;0
3474517947;14;Loikkarilla;Olavi Oja-Nisula;Olavi Oja-Nisula;9;2;1;HAS_SHOES;HAS_SHOES;0;0;NO;0;2100;0;2026-02-21;12.04;20;30.7;1;09.12.25;O Oja-Nisula;J;2160;1;31.9;HAS_SHOES;HAS_SHOES;NO;0;0;0;0;unknown;1;1.7;1000;0
3474517947;14;Loikkarilla;Olavi Oja-Nisula;Olavi Oja-Nisula;9;2;1;HAS_SHOES;HAS_SHOES;0;0;NO;0;2100;0;2026-02-21;12.04;20;30.7;1;26.12.25;O Oja-Nisula;S;2100;4;31;HAS_SHOES;HAS_SHOES;NO;1;1;0;0;unknown;4;2;1100;0
3474517947;14;Loikkarilla;Olavi Oja-Nisula;Olavi Oja-Nisula;9;2;1;HAS_SHOES;HAS_SHOES;0;0;NO;0;2100;0;2026-02-21;12.04;20;30.7;1;01.02.26;O Oja-Nisula;S;2100;10;30.7;HAS_SHOES;HAS_SHOES;NO;1;0;0;0;unknown;4;7;900;0
3474517947;14;Loikkarilla;Olavi Oja-Nisula;Olavi Oja-Nisula;9;2;1;HAS_SHOES;HAS_SHOES;0;0;NO;0;2100;0;2026-02-21;12.04;20;30.7;1;15.02.26;O Oja-Nisula;Kt;2120;6;31.8;HAS_SHOES;HAS_SHOES;NO;0;0;0;0;unknown;2;8.5;800;0
3474517947;15;Taivartti;Antti Ojanpera;Jukka Torvinen;6;2;1;HAS_SHOES;HAS_SHOES;0;0;NO;0;2100;0;2026-02-21;21.01;30.77;29.2;1;10.05.25;T Varis;J;2160;2;33.1;HAS_SHOES;HAS_SHOES;NO;0;1;0;0;unknown;3;2.4;1000;0
3474517947;15;Taivartti;Antti Ojanpera;Jukka Torvinen;6;2;1;HAS_SHOES;HAS_SHOES;0;0;NO;0;2100;0;2026-02-21;21.01;30.77;29.2;1;23.05.25;S Raitala;Vi;2160;8;32.1;HAS_SHOES;HAS_SHOES;NO;0;0;0;0;unknown;1;2.1;2000;0
3474517947;15;Taivartti;Antti Ojanpera;Jukka Torvinen;6;2;1;HAS_SHOES;HAS_SHOES;0;0;NO;0;2100;0;2026-02-21;21.01;30.77;29.2;1;20.06.25;S Raitala;Hr;1609;8;29.5;HAS_SHOES;NO_SHOES;NO;1;0;0;0;unknown;2;1.9;1500;0
3474517947;15;Taivartti;Antti Ojanpera;Jukka Torvinen;6;2;1;HAS_SHOES;HAS_SHOES;0;0;NO;0;2100;0;2026-02-21;21.01;30.77;29.2;1;23.07.25;S Raitala;Pi;2080;1;30.7;HAS_SHOES;HAS_SHOES;NO;0;0;0;0;unknown;1;2;2000;0
3474517947;15;Taivartti;Antti Ojanpera;Jukka Torvinen;6;2;1;HAS_SHOES;HAS_SHOES;0;0;NO;0;2100;0;2026-02-21;21.01;30.77;29.2;1;06.09.25;S Raitala;Kt;2100;4;29.2;HAS_SHOES;NO_SHOES;NO;1;0;0;0;unknown;3;1.5;1500;0
3474517947;15;Taivartti;Antti Ojanpera;Jukka Torvinen;6;2;1;HAS_SHOES;HAS_SHOES;0;0;NO;0;2100;0;2026-02-21;21.01;30.77;29.2;1;06.10.25;S Raitala;S;2100;4;32;HAS_SHOES;NO_SHOES;NO;0;0;0;0;unknown;1;1.6;1500;0
3474517947;15;Taivartti;Antti Ojanpera;Jukka Torvinen;6;2;1;HAS_SHOES;HAS_SHOES;0;0;NO;0;2100;0;2026-02-21;21.01;30.77;29.2;1;23.10.25;S Raitala;Ku;2100;5;0;HAS_SHOES;NO_SHOES;NO;1;0;1;0;unknown;20;1.6;1000;0
3474517947;15;Taivartti;Antti Ojanpera;Jukka Torvinen;6;2;1;HAS_SHOES;HAS_SHOES;0;0;NO;0;2100;0;2026-02-21;21.01;30.77;29.2;1;08.02.26;Ju Torvinen;J;2180;1;30;HAS_SHOES;HAS_SHOES;NO;0;0;0;0;unknown;2;2.1;800;0
